feature,grad_x_input,signed
pkt_size_avg,0.47268566,0.24694556
bwd_pkt_len_mean,0.37243348,0.36532173
bwd_pkt_len_min,0.34747496,0.2647228
fwd_pkt_len_max,0.30309638,0.113005325
fwd_pkt_len_std,0.29267436,0.0175012
fwd_iat_std,0.25378263,-0.13922378
ack_flag_cnt,0.23575175,-0.16117929
fwd_iat_max,0.22628158,0.085450955
idle_max,0.22170042,-0.025330016
flow_iat_max,0.21407004,0.116411194
fwd_seg_size_min,0.213836,-0.0442324
bwd_header_len,0.20846975,0.12492009
flow_byts_s,0.20134613,-0.103587754
fwd_pkt_len_mean,0.17880668,-0.038124498
fwd_header_len,0.1775503,0.05430553
active_max,0.1529368,-0.0016611214
fwd_iat_min,0.14607275,-0.10624407
bwd_pkt_len_std,0.14154424,0.116290346
bwd_pkts_s,0.13883051,-0.065838955
init_fwd_win,0.13177352,-0.10396354
tot_fwd_pkts,0.1301145,-0.039578132
bwd_iat_mean,0.11569884,0.00080529536
iat_cv,0.11264362,-0.103446044
init_bwd_win,0.10665601,-0.06988714
fwd_act_data_pkts,0.095017046,0.035300232
pkt_len_var,0.09312995,0.021073151
flow_iat_std,0.08466452,0.029229179
bwd_iat_std,0.07788147,0.031586587
flow_iat_min,0.06599014,-0.022490915
fwd_pkt_len_min,0.057356246,-0.038240135
bwd_iat_min,0.046198834,0.01704814
active_idle_ratio,0.026959073,-0.009477421
