round,eps,loss,up_MB,crypto_max_err,t_train,t_enc,t_agg,t_dec,t_verify,cicids2017_acc,cicids2017_prec,cicids2017_rec,cicids2017_f1,cicids2017_fpr,cicids2017_auc,ALL_acc,ALL_prec,ALL_rec,ALL_f1,ALL_fpr,ALL_auc
1,1.0,0.24669172998517752,1.574604,1.4901161193847656e-08,1.2353429794311523,0.030028820037841797,0.0025022029876708984,0.002002239227294922,0.0,0.9471895627297616,0.9552548005131765,0.9252574431893417,0.9400168675072825,0.035065598628691984,0.9870079226508507,0.9471895627297616,0.9552548005131765,0.9252574431893417,0.9400168675072825,0.035065598628691984,0.9870079226508507
2,0.8,0.0952066749893129,1.574604,1.210719347000122e-08,0.46648216247558594,0.027016878128051758,0.002000093460083008,0.0019998550415039062,0.0,0.9644908687551532,0.9638399638707559,0.9564867535166077,0.9601492804376166,0.029033161919831223,0.9929397149889533,0.9644908687551532,0.9638399638707559,0.9564867535166077,0.9601492804376166,0.029033161919831223,0.9929397149889533
3,0.6400000000000001,0.07097261076793074,1.574604,1.210719347000122e-08,0.4524853229522705,0.025011301040649414,0.0019998550415039062,0.002000093460083008,0.0020003318786621094,0.9712328205501979,0.9746310916380772,0.9606832557523656,0.9676069125771356,0.020231737869198314,0.9881347201858687,0.9712328205501979,0.9746310916380772,0.9606832557523656,0.9676069125771356,0.020231737869198314,0.9881347201858687
4,0.5120000000000001,0.06038960128091275,1.574604,1.3223620420887983e-08,0.47809863090515137,0.024549484252929688,0.002505779266357422,0.0015032291412353516,0.0020012855529785156,0.9771092515066896,0.9794729256742846,0.9691271886490725,0.9742725927594629,0.016432621308016877,0.9860360544854936,0.9771092515066896,0.9794729256742846,0.9691271886490725,0.9742725927594629,0.016432621308016877,0.9860360544854936
5,0.4096000000000001,0.05326593331061304,1.574604,1.1245901987422258e-08,0.4601140022277832,0.028552532196044922,0.0019998550415039062,0.0020008087158203125,0.0,0.9786489675247471,0.9804016278878566,0.9716837955936727,0.9760232452258787,0.015715651371308016,0.9866980341126248,0.9786489675247471,0.9804016278878566,0.9716837955936727,0.9760232452258787,0.015715651371308016,0.9866980341126248
6,0.3276800000000001,0.047282658349722624,1.574604,1.5422719101820803e-08,0.47244977951049805,0.025531768798828125,0.0019998550415039062,0.0030002593994140625,0.0,0.9779929938365806,0.9833474865889273,0.9671715371217291,0.9751924370567786,0.013251582278481012,0.9861412256455088,0.9779929938365806,0.9833474865889273,0.9671715371217291,0.9751924370567786,0.013251582278481012,0.9861412256455088
7,0.2621440000000001,0.04657702093943954,1.574604,1.3969838619232178e-08,0.46439075469970703,0.026512622833251953,0.002504110336303711,0.0020034313201904297,0.0,0.9798515859530523,0.9823133591242078,0.9724579076565795,0.9773607890709376,0.014166337025316455,0.9867936041917307,0.9798515859530523,0.9823133591242078,0.9724579076565795,0.9773607890709376,0.014166337025316455,0.9867936041917307
8,0.20971520000000007,0.04051056073047221,1.574604,1.1874362826347351e-08,0.47342824935913086,0.0250089168548584,0.0015015602111816406,0.0025038719177246094,0.0009999275207519531,0.9813320821242615,0.9852684788775984,0.9728042209478799,0.9789966788306204,0.011768196202531646,0.9891552501710614,0.9813320821242615,0.9852684788775984,0.9728042209478799,0.9789966788306204,0.011768196202531646,0.9891552501710614
9,0.1677721600000001,0.04069772837683558,1.574604,1.5643427886402606e-08,0.48287057876586914,0.026512622833251953,0.003000020980834961,0.002010345458984375,0.0,0.9819242805927451,0.9851682476902636,0.974250588223311,0.9796790019767906,0.011867088607594937,0.9867000580038099,0.9819242805927451,0.9851682476902636,0.974250588223311,0.9796790019767906,0.011867088607594937,0.9867000580038099
10,0.13421772800000006,0.0359302990231663,1.574604,1.2514647096395493e-08,0.48939967155456543,0.028528213500976562,0.003000020980834961,0.0019998550415039062,0.002000093460083008,0.9820563864049453,0.9867665289256199,0.9729264491683388,0.9797976171548439,0.01055676424050633,0.9865828877905316,0.9820563864049453,0.9867665289256199,0.9729264491683388,0.9797976171548439,0.01055676424050633,0.9865828877905316
11,0.10737418240000006,0.03423504913691432,1.574604,1.257285475730896e-08,0.4547295570373535,0.02701568603515625,0.003000020980834961,0.0020058155059814453,0.0,0.9835687701859959,0.988703542932738,0.9743931878138464,0.9814962063888618,0.009007449894514769,0.986255581289363,0.9835687701859959,0.988703542932738,0.9743931878138464,0.9814962063888618,0.009007449894514769,0.986255581289363
12,0.08589934592000005,0.03776304977480322,1.574604,1.2396302651040969e-08,0.47136974334716797,0.02952265739440918,0.002000093460083008,0.001999378204345703,0.0010035037994384766,0.9834275536281267,0.988296059087857,0.9744848589791907,0.9813418674544316,0.009337091244725738,0.9860517942245361,0.9834275536281267,0.988296059087857,0.9744848589791907,0.9813418674544316,0.009337091244725738,0.9860517942245361
13,0.06871947673600004,0.029081952809356153,1.574604,1.210719347000122e-08,0.46219682693481445,0.027506589889526367,0.0019998550415039062,0.003011465072631836,0.0019998550415039062,0.9851175969497223,0.9904301275294021,0.9761553113254632,0.9832409112594196,0.007631197257383966,0.9893235553033435,0.9851175969497223,0.9904301275294021,0.9761553113254632,0.9832409112594196,0.007631197257383966,0.9893235553033435
14,0.054975581388800036,0.030285456627607347,1.574604,1.1525116860866547e-08,0.4769878387451172,0.025506019592285156,0.003504514694213867,0.002000093460083008,0.0,0.9856551309441921,0.9922200352222107,0.9755747272782831,0.9838269810535831,0.006189016350210971,0.9900454928432347,0.9856551309441921,0.9922200352222107,0.9755747272782831,0.9838269810535831,0.006189016350210971,0.9900454928432347
15,0.05,0.029421424162574112,1.574604,1.1355878903884786e-08,0.48577094078063965,0.02603745460510254,0.003000020980834961,0.0020017623901367188,0.0,0.9861789988201585,0.9940799518087305,0.9749024720657588,0.9843978196030032,0.004697389240506329,0.9902129775403443,0.9861789988201585,0.9940799518087305,0.9749024720657588,0.9843978196030032,0.004697389240506329,0.9902129775403443
16,0.05,0.03084520644042641,1.574604,1.2471516264156435e-08,0.45796823501586914,0.027007341384887695,0.0025186538696289062,0.0019998550415039062,0.001012563705444336,0.9861607773288205,0.9925449631907558,0.9763895820813429,0.9844009940643678,0.005933544303797469,0.9904051962509943,0.9861607773288205,0.9925449631907558,0.9763895820813429,0.9844009940643678,0.005933544303797469,0.9904051962509943
17,0.05,0.02781908123753965,1.574604,1.1539024846740631e-08,0.46526479721069336,0.02601146697998047,0.002000093460083008,0.002504110336303711,0.0009999275207519531,0.9860924467363031,0.9923806368793738,0.9763997677663812,0.9843253428349925,0.006065400843881856,0.9913725455594786,0.9860924467363031,0.9923806368793738,0.9763997677663812,0.9843253428349925,0.006065400843881856,0.9913725455594786
18,0.05,0.028140336303040386,1.574604,1.1208589612010655e-08,0.49617552757263184,0.026023149490356445,0.0030057430267333984,0.002003192901611328,0.0009999275207519531,0.986807640271318,0.9937709233751023,0.9766238528372225,0.9851227781773348,0.004952861286919831,0.9884695772675993,0.986807640271318,0.9937709233751023,0.9766238528372225,0.9851227781773348,0.004952861286919831,0.9884695772675993
19,0.05,0.02856318166013807,1.574604,1.39512330576963e-08,0.47345709800720215,0.028522014617919922,0.002505064010620117,0.002002239227294922,0.0,0.9862473294126758,0.9937117360174328,0.9754219420027094,0.9844818989755689,0.004994066455696202,0.9911667266291122,0.9862473294126758,0.9937117360174328,0.9754219420027094,0.9844818989755689,0.004994066455696202,0.9911667266291122
20,0.05,0.027281050111632794,1.574604,1.257285475730896e-08,0.4544656276702881,0.027522563934326172,0.002000093460083008,0.0025069713592529297,0.0009999275207519531,0.9865889823752625,0.9939009843479343,0.9760025260498895,0.9848704428890054,0.004845727848101266,0.9919935683560219,0.9865889823752625,0.9939009843479343,0.9760025260498895,0.9848704428890054,0.004845727848101266,0.9919935683560219
21,0.05,0.025988181638531387,1.574604,1.30385160446167e-08,0.44782519340515137,0.02701711654663086,0.002505064010620117,0.0019996166229248047,0.0,0.9862473294126758,0.9928627662219276,0.9762673538608839,0.9844951287279227,0.005678072257383966,0.9930799655025192,0.9862473294126758,0.9928627662219276,0.9762673538608839,0.9844951287279227,0.005678072257383966,0.9930799655025192
22,0.05,0.025435535213910045,1.574604,1.3620592653751373e-08,0.47185206413269043,0.027034282684326172,0.0019998550415039062,0.003000020980834961,0.0,0.9862382186670068,0.9938448444084615,0.9752691567271357,0.9844693834535444,0.004886933016877637,0.9904724714314903,0.9862382186670068,0.9938448444084615,0.9752691567271357,0.9844693834535444,0.004886933016877637,0.9904724714314903
23,0.05,0.02529499834869057,1.574604,1.0972144082188606e-08,0.4703536033630371,0.029033899307250977,0.003000020980834961,0.003000020980834961,0.0,0.9867210881874627,0.99334010026101,0.9768581235931022,0.9850301707536269,0.00529898470464135,0.9902123273366563,0.9867210881874627,0.99334010026101,0.9768581235931022,0.9850301707536269,0.00529898470464135,0.9902123273366563
24,0.05,0.025623963691759854,1.574604,1.4202669262886047e-08,0.46184229850769043,0.027009963989257812,0.0030074119567871094,0.0025033950805664062,0.0009999275207519531,0.9870855180142218,0.9940102385541669,0.9770109088686759,0.9854372672402723,0.004763317510548523,0.9906932377438489,0.9870855180142218,0.9940102385541669,0.9770109088686759,0.9854372672402723,0.004763317510548523,0.9906932377438489
25,0.05,0.02170030866400339,1.574604,1.3616763716584046e-08,0.4805185794830322,0.03106546401977539,0.0040094852447509766,0.002003192901611328,0.0,0.9866664237134488,0.9940352697095436,0.9760432687900424,0.9849571120944408,0.0047385944092827,0.9896501828511776,0.9866664237134488,0.9940352697095436,0.9760432687900424,0.9849571120944408,0.0047385944092827,0.9896501828511776
26,0.05,0.021518510731402783,1.574604,1.4733338993266898e-08,0.4719069004058838,0.027557373046875,0.002000093460083008,0.0019998550415039062,0.0,0.9869716336933596,0.9944494589519334,0.9763182822860752,0.9853004666844842,0.00440895305907173,0.9902004463877812,0.9869716336933596,0.9944494589519334,0.9763182822860752,0.9853004666844842,0.00440895305907173,0.9902004463877812
27,0.05,0.022608830012613906,1.574604,1.4202669262886047e-08,0.480485200881958,0.02702641487121582,0.0019998550415039062,0.0020017623901367188,0.0010001659393310547,0.9869989659303666,0.9944087716932397,0.9764201391364576,0.9853323602873911,0.004441917194092827,0.9903388885275863,0.9869989659303666,0.9944087716932397,0.9764201391364576,0.9853323602873911,0.004441917194092827,0.9903388885275863
28,0.05,0.021369887355249376,1.574604,1.0763772095856439e-08,0.48046088218688965,0.02703237533569336,0.002000093460083008,0.0030024051666259766,0.0009999275207519531,0.9869534122020217,0.993967474113001,0.9767562667427198,0.9852867138615183,0.004796281645569621,0.9877365277584333,0.9869534122020217,0.993967474113001,0.9767562667427198,0.9852867138615183,0.004796281645569621,0.9877365277584333
29,0.05,0.022549897420685736,1.574604,1.2098098522983491e-08,0.4592628479003906,0.026517629623413086,0.0015039443969726562,0.0025038719177246094,0.0,0.9869898551846976,0.9945317769130999,0.9762775395459221,0.9853201200707266,0.004343024789029536,0.9876519827701079,0.9869898551846976,0.9945317769130999,0.9762775395459221,0.9853201200707266,0.004343024789029536,0.9876519827701079
30,0.05,0.022252259105443956,1.574604,1.4031667383562763e-08,0.463895320892334,0.02701711654663086,0.0030035972595214844,0.0015039443969726562,0.0009999275207519531,0.9870171874217045,0.9936102567289071,0.9772553653095939,0.9853649518840699,0.005084717827004219,0.9887733238320393,0.9870171874217045,0.9936102567289071,0.9772553653095939,0.9853649518840699,0.005084717827004219,0.9887733238320393
