round,eps,loss,up_MB,crypto_max_err,t_train,t_enc,t_agg,t_dec,t_verify,insdn_acc,insdn_prec,insdn_rec,insdn_f1,insdn_fpr,insdn_auc,ALL_acc,ALL_prec,ALL_rec,ALL_f1,ALL_fpr,ALL_auc
1,1.0,0.13793184882961212,1.574604,2.0489096641540527e-08,1.899728536605835,0.024015426635742188,0.0029997825622558594,0.00150299072265625,0.0010018348693847656,0.9980566599511491,0.9994450610432852,0.9976786515075575,0.9985610751013188,0.0011551155115511551,0.9999703011795283,0.9980566599511491,0.9994450610432852,0.9976786515075575,0.9985610751013188,0.0011551155115511551,0.9999703011795283
2,0.8,0.019701921311207113,1.574604,1.3271346688270569e-08,1.15425443649292,0.028012514114379883,0.0030002593994140625,0.0019996166229248047,0.0,0.999055073187256,0.9998679554217503,0.9987338099132133,0.9993005608709997,0.000275027502750275,0.9999980614801569,0.999055073187256,0.9998679554217503,0.9987338099132133,0.9993005608709997,0.000275027502750275,0.9999980614801569
3,0.6400000000000001,0.013384365905076266,1.574604,1.257285475730896e-08,1.1692068576812744,0.02650904655456543,0.0025017261505126953,0.002002239227294922,0.0,0.9989302715327426,1.0,0.9984172623915165,0.9992080044351752,0.0,0.9999980208524953,0.9989302715327426,1.0,0.9984172623915165,0.9992080044351752,0.0,0.9999980208524953
4,0.5120000000000001,0.011388529278337955,1.574604,1.1048541637137532e-08,1.2486543655395508,0.02728414535522461,0.0020003318786621094,0.00251007080078125,0.0,0.9991263884184065,1.0,0.9987074309530718,0.9993532975227336,0.0,0.9999991047404617,0.9991263884184065,1.0,0.9987074309530718,0.9993532975227336,0.0,0.9999991047404617
5,0.4096000000000001,0.01046152739552781,1.574604,1.4129909686744213e-08,1.2388477325439453,0.027522802352905273,0.0019998550415039062,0.002503633499145508,0.0,0.999340334111858,1.0,0.9990239784747685,0.9995117509666012,0.0,0.9999998650581248,0.999340334111858,1.0,0.9990239784747685,0.9995117509666012,0.0,0.9999998650581248
6,0.3276800000000001,0.009517616583034396,1.574604,1.2689270079135895e-08,1.2285709381103516,0.026016950607299805,0.002000093460083008,0.0029997825622558594,0.0,0.9995186221897342,1.0,0.9992877680761825,0.9996437571743347,0.0,0.999999907136774,0.9995186221897342,1.0,0.9992877680761825,0.9996437571743347,0.0,0.999999907136774
7,0.2621440000000001,0.008745901291258632,1.574604,1.4901161193847656e-08,1.1948275566101074,0.029524803161621094,0.002501249313354492,0.0020017623901367188,0.0,0.9997503966909733,1.0,0.9996306945580206,0.9998153131760857,0.0,0.9999998186265118,0.9997503966909733,1.0,0.9996306945580206,0.9998153131760857,0.0,0.9999998186265118
8,0.20971520000000007,0.007927434339653702,1.574604,1.3009412214159966e-08,1.2210843563079834,0.02855515480041504,0.0025069713592529297,0.0020003318786621094,0.0010013580322265625,0.9997503966909733,1.0,0.9996306945580206,0.9998153131760857,0.0,0.9999998229794754,0.9997503966909733,1.0,0.9996306945580206,0.9998153131760857,0.0,0.9999998229794754
9,0.1677721600000001,0.007594035910442472,1.574604,1.3154931366443634e-08,1.208054542541504,0.031045198440551758,0.0030002593994140625,0.0025017261505126953,0.0010018348693847656,0.9998038831143361,1.0,0.9997098314384447,0.9998548946667194,0.0,0.9999999289015926,0.9998038831143361,1.0,0.9997098314384447,0.9998548946667194,0.0,0.9999999289015926
10,0.13421772800000006,0.007327942387200892,1.574604,1.6487319953739643e-08,1.2464120388031006,0.02652573585510254,0.002501964569091797,0.002002239227294922,0.0010001659393310547,0.9998038831143361,1.0,0.9997098314384447,0.9998548946667194,0.0,0.9999999303525806,0.9998038831143361,1.0,0.9997098314384447,0.9998548946667194,0.0,0.9999999303525806
11,0.10737418240000006,0.0068266128422692415,1.574604,1.4842953532934189e-08,1.2276663780212402,0.028016328811645508,0.003000020980834961,0.0015020370483398438,0.0,0.9997325678831857,1.0,0.9996043155978791,0.9998021186496576,0.0,0.9999999521173991,0.9997325678831857,1.0,0.9996043155978791,0.9998021186496576,0.0,0.9999999521173991
12,0.08589934592000005,0.006544717655051499,1.574604,1.1641532182693481e-08,1.233391284942627,0.02852177619934082,0.0029997825622558594,0.002501964569091797,0.0,0.999714739075398,0.999973611294366,0.9996043155978791,0.9997889293440979,5.5005500550055004e-05,0.999999860705161,0.999714739075398,0.999973611294366,0.9996043155978791,0.9997889293440979,5.5005500550055004e-05,0.999999860705161
13,0.06871947673600004,0.006248868035618216,1.574604,1.2420059647411108e-08,1.2731926441192627,0.02851271629333496,0.003000020980834961,0.0019998550415039062,0.0,0.9996255950364599,0.9999736078120877,0.9994724207971721,0.9997229514901252,5.5005500550055004e-05,0.999999814273548,0.9996255950364599,0.9999736078120877,0.9994724207971721,0.9997229514901252,5.5005500550055004e-05,0.999999814273548
14,0.054975581388800036,0.006036129217827693,1.574604,1.2922100722789764e-08,1.2671241760253906,0.028019189834594727,0.0025038719177246094,0.0015096664428710938,0.002000093460083008,0.9997325678831857,0.9999736119907114,0.9996306945580206,0.9998021238704571,5.5005500550055004e-05,0.9999998534502214,0.9997325678831857,0.9999736119907114,0.9996306945580206,0.9998021238704571,5.5005500550055004e-05,0.9999998534502214
15,0.05,0.005759852693881839,1.574604,1.5425030142068863e-08,1.2841215133666992,0.0265195369720459,0.002000093460083008,0.0019998550415039062,0.0010001659393310547,0.9994473069585836,1.0,0.9991822522356169,0.9995909588715742,0.0,0.9999999187446773,0.9994473069585836,1.0,0.9991822522356169,0.9995909588715742,0.0,0.9999999187446773
16,0.05,0.0055093663581646975,1.574604,1.2776581570506096e-08,1.2822823524475098,0.03401947021484375,0.002504110336303711,0.003000020980834961,0.0,0.9996969102676104,0.9999736105979838,0.9995779366377378,0.999775734469612,5.5005500550055004e-05,0.9999998969798587,0.9996969102676104,0.9999736105979838,0.9995779366377378,0.999775734469612,5.5005500550055004e-05,0.9999998969798587
17,0.05,0.005315974170807749,1.574604,1.146690919995308e-08,1.272524118423462,0.030024290084838867,0.0019998550415039062,0.0025017261505126953,0.0009999275207519531,0.9991798748417693,1.0,0.998786567833496,0.9993929155888719,0.0,0.9999997083514307,0.9991798748417693,1.0,0.998786567833496,0.9993929155888719,0.0,0.9999997083514307
18,0.05,0.005043912366963923,1.574604,1.2951204553246498e-08,1.3227508068084717,0.03200960159301758,0.003000020980834961,0.002000093460083008,0.0009999275207519531,0.9995186221897342,1.0,0.9992877680761825,0.9996437571743347,0.0,0.9999993267416114,0.9995186221897342,1.0,0.9992877680761825,0.9996437571743347,0.0,0.9999993267416114
19,0.05,0.004748747043777257,1.574604,1.2165401130914688e-08,1.2918071746826172,0.029041290283203125,0.0015034675598144531,0.0019996166229248047,0.0009999275207519531,0.9996790814598228,0.9999736099015649,0.9995515576775964,0.9997625392469855,5.5005500550055004e-05,0.99999975043008,0.9996790814598228,0.9999736099015649,0.9995515576775964,0.9997625392469855,5.5005500550055004e-05,0.99999975043008
20,0.05,0.004492623301921413,1.574604,1.2732925824820995e-08,1.2627015113830566,0.028353452682495117,0.002504110336303711,0.0019998550415039062,0.0,0.9996612526520352,0.9999736092051092,0.9995251787174549,0.9997493436762048,5.5005500550055004e-05,0.9999997533320559,0.9996612526520352,0.9999736092051092,0.9995251787174549,0.9997493436762048,5.5005500550055004e-05,0.9999997533320559
21,0.05,0.004380069375038147,1.574604,1.493026502430439e-08,1.247840166091919,0.03001546859741211,0.003004789352416992,0.0020034313201904297,0.0,0.999714739075398,1.0,0.9995779366377378,0.9997889237750983,0.0,0.9999997997636689,0.999714739075398,1.0,0.9995779366377378,0.9997889237750983,0.0,0.9999997997636689
22,0.05,0.004131174091016874,1.574604,1.2456439435482025e-08,1.3037784099578857,0.031013965606689453,0.0030002593994140625,0.001999378204345703,0.0,0.9995899374208846,0.999973606418919,0.9994196628768894,0.999696557911263,5.5005500550055004e-05,0.9999998012146567,0.9995899374208846,0.999973606418919,0.9994196628768894,0.999696557911263,5.5005500550055004e-05,0.9999998012146567
23,0.05,0.003992810752242804,1.574604,1.446460373699665e-08,1.253535270690918,0.027527809143066406,0.002504110336303711,0.0019998550415039062,0.0010001659393310547,0.9995721086130971,1.0,0.9993669049566066,0.999683352244241,0.0,0.9999980861469513,0.9995721086130971,1.0,0.9993669049566066,0.999683352244241,0.0,0.9999980861469513
24,0.05,0.003709871404571459,1.574604,1.201988197863102e-08,1.2649486064910889,0.027012109756469727,0.0029997825622558594,0.002524852752685547,0.0,0.9996255950364599,0.9999736078120877,0.9994724207971721,0.9997229514901252,5.5005500550055004e-05,0.9999986505812468,0.9996255950364599,0.9999736078120877,0.9994724207971721,0.9997229514901252,5.5005500550055004e-05,0.9999986505812468
25,0.05,0.003523451342480257,1.574604,1.1757947504520416e-08,1.2467243671417236,0.025504350662231445,0.002506256103515625,0.002000093460083008,0.0005109310150146484,0.9996077662286723,0.9999736071155216,0.9994460418370308,0.9997097548747989,5.5005500550055004e-05,0.9999996314490718,0.9996077662286723,0.9999736071155216,0.9994460418370308,0.9997097548747989,5.5005500550055004e-05,0.9999996314490718
26,0.05,0.0034068971581291407,1.574604,1.2543750926852226e-08,1.2729198932647705,0.02850794792175293,0.003000020980834961,0.0019998550415039062,0.0015032291412353516,0.9997503966909733,1.0,0.9996306945580206,0.9998153131760857,0.0,0.9999999332545564,0.9997503966909733,1.0,0.9996306945580206,0.9998153131760857,0.0,0.9999999332545564
27,0.05,0.0032271769212093206,1.574604,1.0884832590818405e-08,1.2529137134552002,0.027026653289794922,0.002000093460083008,0.0019998550415039062,0.0009999275207519531,0.9997325678831857,1.0,0.9996043155978791,0.9998021186496576,0.0,0.9999999129407255,0.9997325678831857,1.0,0.9996043155978791,0.9998021186496576,0.0,0.9999999129407255
28,0.05,0.003033487652428448,1.574604,1.2980308383703232e-08,1.2304673194885254,0.02900409698486328,0.0019998550415039062,0.003000020980834961,0.0010018348693847656,0.9996790814598228,0.9999736099015649,0.9995515576775964,0.9997625392469855,5.5005500550055004e-05,0.9999997562340317,0.9996790814598228,0.9999736099015649,0.9995515576775964,0.9997625392469855,5.5005500550055004e-05,0.9999997562340317
29,0.05,0.002905698970425874,1.574604,1.3256794773042202e-08,1.2202038764953613,0.027523279190063477,0.0029993057250976562,0.0019996166229248047,0.0010001659393310547,0.9997325678831857,0.9999736119907114,0.9996306945580206,0.9998021238704571,5.5005500550055004e-05,0.999999703998467,0.9997325678831857,0.9999736119907114,0.9996306945580206,0.9998021238704571,5.5005500550055004e-05,0.999999703998467
30,0.05,0.002765645764302462,1.574604,1.3249518815428019e-08,1.2059996128082275,0.02601003646850586,0.002000093460083008,0.0029997825622558594,0.0010001659393310547,0.9997503966909733,0.9999736126870201,0.9996570735181619,0.9998153180487033,5.5005500550055004e-05,0.9999997315672373,0.9997503966909733,0.9999736126870201,0.9996570735181619,0.9998153180487033,5.5005500550055004e-05,0.9999997315672373
