round,eps,loss,up_MB,crypto_max_err,t_train,t_enc,t_agg,t_dec,t_verify,ddos_ref55_acc,ddos_ref55_prec,ddos_ref55_rec,ddos_ref55_f1,ddos_ref55_fpr,ddos_ref55_auc,ALL_acc,ALL_prec,ALL_rec,ALL_f1,ALL_fpr,ALL_auc
1,1.0,0.16972609974443914,1.574604,1.4901161193847656e-08,1.2315242290496826,0.02577519416809082,0.0007126331329345703,0.002027273178100586,0.001001119613647461,0.9979594216417911,0.9979961320688772,0.9987408184679958,0.9983683364024148,0.0033433114333475877,0.9998549211099711,0.9979594216417911,0.9979961320688772,0.9987408184679958,0.9983683364024148,0.0033433114333475877,0.9998549211099711
2,0.8,0.021184144294820725,1.574604,1.30385160446167e-08,0.443617582321167,0.023321866989135742,0.002003192901611328,0.002003908157348633,0.0020034313201904297,0.9984549906716418,0.9987873982697106,0.9987408184679958,0.9987641078257625,0.002021537145745053,0.9998937197708969,0.9984549906716418,0.9987873982697106,0.9987408184679958,0.9987641078257625,0.002021537145745053,0.9998937197708969
3,0.6400000000000001,0.016169177750125528,1.574604,1.38591200737892e-08,0.4345052242279053,0.027773380279541016,0.003007650375366211,0.0015053749084472656,0.0,0.9985132929104478,0.9988805709088365,0.9987408184679958,0.998810689799916,0.001866034288380049,0.9999209005898035,0.9985132929104478,0.9988805709088365,0.9987408184679958,0.998810689799916,0.001866034288380049,0.9999209005898035
4,0.5120000000000001,0.016115980502218005,1.574604,1.3534836362794067e-08,0.44469571113586426,0.02626657485961914,0.002001523971557617,0.001501321792602539,0.0,0.9985424440298507,0.9989271637474637,0.9987408184679958,0.9988339824164548,0.0017882828596975469,0.9999229094176684,0.9985424440298507,0.9989271637474637,0.9987408184679958,0.9988339824164548,0.0017882828596975469,0.9999229094176684
5,0.4096000000000001,0.013625706085003911,1.574604,1.257285475730896e-08,0.487760066986084,0.025539875030517578,0.0020072460174560547,0.0020020008087158203,0.0010018348693847656,0.9985424440298507,0.9989271637474637,0.9987408184679958,0.9988339824164548,0.0017882828596975469,0.999947048892944,0.9985424440298507,0.9989271637474637,0.9987408184679958,0.9988339824164548,0.0017882828596975469,0.999947048892944
6,0.3276800000000001,0.012899675907101484,1.574604,1.30385160446167e-08,0.4545602798461914,0.025027751922607422,0.002001523971557617,0.0019998550415039062,0.0019998550415039062,0.9986007462686567,0.9990203624658877,0.9987408184679958,0.9988805709088365,0.001632780002332543,0.9998965091045341,0.9986007462686567,0.9990203624658877,0.9987408184679958,0.9988805709088365,0.001632780002332543,0.9998965091045341
7,0.2621440000000001,0.01307469152379781,1.574604,1.1810670663692235e-08,0.5011897087097168,0.025036096572875977,0.002505064010620117,0.0019998550415039062,0.0009999275207519531,0.9986590485074627,0.9991135785765938,0.9987408184679958,0.9989271637474637,0.0014772771449675388,0.9999451851068023,0.9986590485074627,0.9991135785765938,0.9987408184679958,0.9989271637474637,0.0014772771449675388,0.9999451851068023
8,0.20971520000000007,0.011141032283194362,1.574604,1.3406096677215373e-08,0.4731621742248535,0.03054523468017578,0.002000093460083008,0.0019986629486083984,0.0,0.9986007462686567,0.9990203624658877,0.9987408184679958,0.9988805709088365,0.001632780002332543,0.9999221787699883,0.9986007462686567,0.9990203624658877,0.9987408184679958,0.9988805709088365,0.001632780002332543,0.9999221787699883
9,0.1677721600000001,0.011620621499605476,1.574604,1.2049354403131929e-08,0.45905518531799316,0.025024890899658203,0.002507448196411133,0.002000570297241211,0.0010035037994384766,0.9987027751865671,0.9991835020762376,0.9987408184679958,0.9989621112290236,0.0013606500019437858,0.9999403524978911,0.9987027751865671,0.9991835020762376,0.9987408184679958,0.9989621112290236,0.0013606500019437858,0.9999403524978911
10,0.13421772800000006,0.010026675614062697,1.574604,1.4959368854761124e-08,0.4375150203704834,0.030518770217895508,0.002503633499145508,0.0025014877319335938,0.0019998550415039062,0.9987027751865671,0.9991835020762376,0.9987408184679958,0.9989621112290236,0.0013606500019437858,0.9999712935234688,0.9987027751865671,0.9991835020762376,0.9987408184679958,0.9989621112290236,0.0013606500019437858,0.9999712935234688
11,0.10737418240000006,0.009882456422783435,1.574604,1.3969838619232178e-08,0.4373819828033447,0.025515317916870117,0.0019996166229248047,0.0025038719177246094,0.001001119613647461,0.9987465018656716,0.9992534353638336,0.9987408184679958,0.9989970611559453,0.0012440228589200328,0.9999628693188897,0.9987465018656716,0.9992534353638336,0.9987408184679958,0.9989970611559453,0.0012440228589200328,0.9999628693188897
12,0.08589934592000005,0.008157368749380112,1.574604,1.207396138624972e-08,0.4445028305053711,0.029006242752075195,0.0025043487548828125,0.0015015602111816406,0.0010001659393310547,0.9990088619402985,0.9996732407515463,0.9987408184679958,0.9992068120844512,0.0005442600007775143,0.9999486742667533,0.9990088619402985,0.9996732407515463,0.9987408184679958,0.9992068120844512,0.0005442600007775143,0.9999486742667533
13,0.06871947673600004,0.008214285299181938,1.574604,1.4870290776514139e-08,0.43990111351013184,0.028512001037597656,0.003001689910888672,0.002503633499145508,0.0,0.9991108908582089,0.9998365936785097,0.9987408184679958,0.999288405678756,0.00027213000038875715,0.999940924959442,0.9991108908582089,0.9998365936785097,0.9987408184679958,0.999288405678756,0.00027213000038875715,0.999940924959442
14,0.054975581388800036,0.007748970158863814,1.574604,1.3836509715758893e-08,0.44946932792663574,0.026517629623413086,0.0019998550415039062,0.002000093460083008,0.0009999275207519531,0.9991108908582089,0.9997899257737733,0.998787454821033,0.9992884388815659,0.0003498814290712592,0.9999541087988152,0.9991108908582089,0.9997899257737733,0.998787454821033,0.9992884388815659,0.0003498814290712592,0.9999541087988152
15,0.05,0.0071189105778466915,1.574604,1.5900187833040036e-08,0.4424874782562256,0.0270535945892334,0.002000093460083008,0.0030019283294677734,0.001001596450805664,0.9990380130597015,0.9994634317041876,0.9989973184097004,0.9992303206997084,0.0008941414298487734,0.9999387089938664,0.9990380130597015,0.9994634317041876,0.9989973184097004,0.9992303206997084,0.0008941414298487734,0.9999387089938664
16,0.05,0.007213156018406153,1.574604,1.4202669262886047e-08,0.4620022773742676,0.027019023895263672,0.003000020980834961,0.0019998550415039062,0.0,0.9991691930970149,0.9997199663959675,0.9989506820566632,0.9993351761783128,0.00046650857209501223,0.9999367998821862,0.9991691930970149,0.9997199663959675,0.9989506820566632,0.9993351761783128,0.00046650857209501223,0.9999367998821862
17,0.05,0.0067460889334324745,1.574604,1.4435499906539917e-08,0.46357059478759766,0.02701091766357422,0.0019998550415039062,0.003007650375366211,0.0,0.999140041977612,0.999673309376021,0.9989506820566632,0.9993118650789022,0.0005442600007775143,0.9999864934427929,0.999140041977612,0.999673309376021,0.9989506820566632,0.9993118650789022,0.0005442600007775143,0.9999864934427929
18,0.05,0.006322043677791954,1.574604,1.2903585755452696e-08,0.4539775848388672,0.02553105354309082,0.0025017261505126953,0.002002239227294922,0.0015022754669189453,0.9992274953358209,0.9998132935026139,0.9989506820566632,0.9993818016399753,0.0003110057147300082,0.9999611968065203,0.9992274953358209,0.9998132935026139,0.9989506820566632,0.9993818016399753,0.0003110057147300082,0.9999611968065203
19,0.05,0.005407243393128738,1.574604,1.3271246324109143e-08,0.454181432723999,0.026510000228881836,0.0035088062286376953,0.0010001659393310547,0.0,0.9992274953358209,0.9997899649941657,0.9989740002331817,0.9993818160611185,0.0003498814290712592,0.9999731273947551,0.9992274953358209,0.9997899649941657,0.9989740002331817,0.9993818160611185,0.0003498814290712592,0.9999731273947551
20,0.05,0.006042371012736112,1.574604,1.1564549318165973e-08,0.4455127716064453,0.027004718780517578,0.001999378204345703,0.0020008087158203125,0.0010004043579101562,0.9991546175373134,0.9997899404831369,0.9988574093505888,0.9993234573661496,0.0003498814290712592,0.9999531084641813,0.9991546175373134,0.9997899404831369,0.9988574093505888,0.9993234573661496,0.0003498814290712592,0.9999531084641813
21,0.05,0.005606752256862819,1.574604,1.3853423297405243e-08,0.4611201286315918,0.02655625343322754,0.002504587173461914,0.0020029544830322266,0.0010008811950683594,0.9992420708955224,0.9998366280019605,0.9989506820566632,0.999393458685205,0.00027213000038875715,0.9999546499857445,0.9992420708955224,0.9998366280019605,0.9989506820566632,0.999393458685205,0.00027213000038875715,0.9999546499857445
22,0.05,0.00475779221043922,1.574604,1.3931559905699942e-08,0.44187307357788086,0.02703547477722168,0.002501964569091797,0.0015034675598144531,0.0010001659393310547,0.9992420708955224,0.9998132978599267,0.9989740002331817,0.9993934728345814,0.0003110057147300082,0.9999545180884274,0.9992420708955224,0.9998132978599267,0.9989740002331817,0.9993934728345814,0.0003110057147300082,0.9999545180884274
23,0.05,0.004577785995788872,1.574604,1.274425454056427e-08,0.4686875343322754,0.029515504837036133,0.0020101070404052734,0.002002239227294922,0.0019998550415039062,0.9992566464552238,0.9998133022170361,0.9989973184097004,0.9994051437569255,0.0003110057147300082,0.9999837562335249,0.9992566464552238,0.9998133022170361,0.9989973184097004,0.9994051437569255,0.0003110057147300082,0.9999837562335249
24,0.05,0.004423119636485354,1.574604,1.1090053320117477e-08,0.44361376762390137,0.026512861251831055,0.0025038719177246094,0.0019998550415039062,0.0010001659393310547,0.9992420708955224,0.9998366280019605,0.9989506820566632,0.999393458685205,0.00027213000038875715,0.999993154937181,0.9992420708955224,0.9998366280019605,0.9989506820566632,0.999393458685205,0.00027213000038875715,0.999993154937181
25,0.05,0.0055069161159917715,1.574604,1.3504177331924438e-08,0.44341444969177246,0.026512622833251953,0.0025212764739990234,0.002002239227294922,0.0,0.9992420708955224,0.999789969895685,0.9989973184097004,0.9993934869832976,0.0003498814290712592,0.9999799996528971,0.9992420708955224,0.999789969895685,0.9989973184097004,0.9993934869832976,0.0003498814290712592,0.9999799996528971
26,0.05,0.004383433593902737,1.574604,1.0913979053839284e-08,0.44425106048583984,0.02850818634033203,0.003000974655151367,0.0015020370483398438,0.0010001659393310547,0.9992712220149254,0.9998366356274359,0.9989973184097004,0.9994168008024821,0.00027213000038875715,0.9999479508711594,0.9992712220149254,0.9998366356274359,0.9989973184097004,0.9994168008024821,0.00027213000038875715,0.9999479508711594
27,0.05,0.0037501646496821196,1.574604,1.216178269203283e-08,0.44271111488342285,0.027025461196899414,0.002503633499145508,0.0015032291412353516,0.002002716064453125,0.9992857975746269,0.999813310930645,0.9990439547627376,0.9994284847848653,0.0003110057147300082,0.9999780996063244,0.9992857975746269,0.999813310930645,0.9990439547627376,0.9994284847848653,0.0003110057147300082,0.9999780996063244
28,0.05,0.004184713090071455,1.574604,1.3534645404433832e-08,0.4375622272491455,0.026019573211669922,0.002503633499145508,0.0030088424682617188,0.0,0.9992566464552238,0.9998133022170361,0.9989973184097004,0.9994051437569255,0.0003110057147300082,0.9999546699289814,0.9992566464552238,0.9998133022170361,0.9989973184097004,0.9994051437569255,0.0003110057147300082,0.9999546699289814
29,0.05,0.00497134163568262,1.574604,1.4319084584712982e-08,0.45573902130126953,0.02753162384033203,0.002501249313354492,0.002002239227294922,0.0020008087158203125,0.9992566464552238,0.9998133022170361,0.9989973184097004,0.9994051437569255,0.0003110057147300082,0.9999819160166632,0.9992566464552238,0.9998133022170361,0.9989973184097004,0.9994051437569255,0.0003110057147300082,0.9999819160166632
30,0.05,0.004062937596463598,1.574604,1.3266386211796544e-08,0.4621410369873047,0.026022672653198242,0.0029997825622558594,0.0015027523040771484,0.0010008811950683594,0.9994752798507462,0.9999066663555545,0.9992538183514049,0.9995801357561055,0.0001555028573650041,0.9999556408020153,0.9994752798507462,0.9999066663555545,0.9992538183514049,0.9995801357561055,0.0001555028573650041,0.9999556408020153
